agent1,agent2,games,agent1_wins,agent2_wins,draws,agent1_winrate,agent2_winrate,draw_rate
heuristic,ppo_agent_b_defensive_Grid_full_sep.pt,2500,2054,141,305,82.2,5.6,12.2
heuristic,ppo_agent_a_offensive_better_actor.pt,2500,2334,89,77,93.4,3.6,3.1
heuristic,ppo_agent_a_luuk.pt,2500,1874,443,183,75.0,17.7,7.3
heuristic,ppo_agent_b_territorial.pt,2500,2194,101,205,87.8,4.0,8.2
heuristic,random,2500,2500,0,0,100.0,0.0,0.0
ppo_agent_b_defensive_Grid_full_sep.pt,ppo_agent_a_offensive_better_actor.pt,2500,1329,1116,55,53.2,44.6,2.2
ppo_agent_b_defensive_Grid_full_sep.pt,ppo_agent_a_luuk.pt,2500,540,1884,76,21.6,75.4,3.0
ppo_agent_b_defensive_Grid_full_sep.pt,ppo_agent_b_territorial.pt,2500,1326,1069,105,53.0,42.8,4.2
ppo_agent_b_defensive_Grid_full_sep.pt,random,2500,2358,130,12,94.3,5.2,0.5
ppo_agent_a_offensive_better_actor.pt,ppo_agent_a_luuk.pt,2500,537,1935,28,21.5,77.4,1.1
ppo_agent_a_offensive_better_actor.pt,ppo_agent_b_territorial.pt,2500,1226,1245,29,49.0,49.8,1.2
ppo_agent_a_offensive_better_actor.pt,random,2500,2332,153,15,93.3,6.1,0.6
ppo_agent_a_luuk.pt,ppo_agent_b_territorial.pt,2500,1950,507,43,78.0,20.3,1.7
ppo_agent_a_luuk.pt,random,2500,2492,6,2,99.7,0.2,0.1
ppo_agent_b_territorial.pt,random,2500,2403,86,11,96.1,3.4,0.4
